{"cameraMode":{"drawMode":0,"name":"Shaded","section":"Shading Mode"},"sceneLighting":true,"audioPlay":false,"sceneViewState":{"m_AlwaysRefresh":false,"showFog":true,"showSkybox":false,"showFlares":true,"showImageEffects":true,"showParticleSystems":true,"showVisualEffectGraphs":true,"m_FxEnabled":true},"in2DMode":false,"pivot":{"x":-6.949439525604248,"y":1.5098053216934205,"z":-26.292922973632814},"rotation":{"x":0.004042516462504864,"y":-0.9857799410820007,"z":0.023968813940882684,"w":0.16628162562847138},"size":11.411661148071289,"orthographic":false}