{"cameraMode":{"drawMode":0,"name":"Shaded","section":"Shading Mode"},"sceneLighting":true,"audioPlay":false,"sceneViewState":{"m_AlwaysRefresh":false,"showFog":true,"showSkybox":false,"showFlares":true,"showImageEffects":true,"showParticleSystems":true,"showVisualEffectGraphs":true,"m_FxEnabled":true},"in2DMode":false,"pivot":{"x":16.443527221679689,"y":-0.3048160970211029,"z":14.821756362915039},"rotation":{"x":0.25971710681915285,"y":0.2756144106388092,"z":-0.0776219293475151,"w":0.9222678542137146},"size":18.060401916503908,"orthographic":false}